<?xml version="1.0" encoding="UTF-8" standalone="no"?>
<poubelles>
    <poubelle>
        <idPoubelle>12</idPoubelle>
        <idEmplacement>12</idEmplacement>
        <couleur>NOIR</couleur>
        <capaciteActuelle>0.0</capaciteActuelle>
        <capaciteMax>1000.0</capaciteMax>
    </poubelle>
    <poubelle>
        <idPoubelle>15</idPoubelle>
        <idEmplacement>15</idEmplacement>
        <couleur>NOIR</couleur>
        <capaciteActuelle>0.0</capaciteActuelle>
        <capaciteMax>1000.0</capaciteMax>
    </poubelle>
</poubelles>
